generation,individual,neg_auroc,latency_ms,peak_ram_mb,energy_mj,valid,error,candidate,metrics
19,0,-0.8293650793650794,13.938622951507568,1771.4531,9999.0,True,,"{""arch_spec"": {""family"": ""autoencoder"", ""input_size"": 256, ""depth"": 4, ""channels"": [48, 48, 192, 16], ""kernel_size"": [3, 3, 5, 7], ""block_type"": [""ir"", ""ir"", ""ir"", ""ds""], ""bottleneck_ratio"": [6.0, 2.0, 2.0, 1.0], ""skip_connections"": [true, true, true, false], ""attention"": [""eca"", ""eca"", ""eca"", ""se""]}, ""quant_spec"": {""weight_bits"": [4, 6, 4, 8], ""act_bits"": [6, 4, 8, 6], ""symmetric"": false, ""per_channel"": true, ""mixed_precision"": true, ""global_weight_bits"": 6, ""global_act_bits"": 8, ""layer_weight_bits"": [4, 6, 4, 8], ""layer_act_bits"": [6, 4, 8, 6]}}",{}
19,1,-0.8944444444444445,14.67645133336385,1772.4492,9999.0,True,,"{""arch_spec"": {""family"": ""patch_cnn"", ""input_size"": 256, ""depth"": 4, ""channels"": [24, 192, 24, 192], ""kernel_size"": [7, 7, 7, 5], ""block_type"": [""ir"", ""conv"", ""ir"", ""ds""], ""bottleneck_ratio"": [2.0, 2.0, 0.5, 0.5], ""skip_connections"": [false, false, true, true], ""attention"": [""cbam"", ""eca"", ""none"", ""spatial""]}, ""quant_spec"": {""weight_bits"": [8, 4, 6, 4], ""act_bits"": [6, 8, 4, 4], ""symmetric"": true, ""per_channel"": false, ""mixed_precision"": true, ""global_weight_bits"": 6, ""global_act_bits"": 6, ""layer_weight_bits"": [8, 4, 6, 4], ""layer_act_bits"": [6, 8, 4, 4]}}",{}
19,2,-0.7984126984126985,13.722698656717936,1730.4023,9999.0,True,,"{""arch_spec"": {""family"": ""student_teacher"", ""input_size"": 192, ""depth"": 2, ""channels"": [32, 96], ""kernel_size"": [5, 7], ""block_type"": [""ir"", ""ds""], ""bottleneck_ratio"": [6.0, 1.0], ""skip_connections"": [true, false], ""attention"": [""cbam"", ""none""]}, ""quant_spec"": {""weight_bits"": [6, 8], ""act_bits"": [8, 6], ""symmetric"": true, ""per_channel"": true, ""mixed_precision"": true, ""global_weight_bits"": 6, ""global_act_bits"": 6, ""layer_weight_bits"": [6, 8], ""layer_act_bits"": [8, 6]}}",{}
19,3,-0.884920634920635,13.600083128611248,1885.1133,9999.0,True,,"{""arch_spec"": {""family"": ""unet"", ""input_size"": 224, ""depth"": 5, ""channels"": [16, 16, 192, 16, 16], ""kernel_size"": [5, 7, 7, 3, 3], ""block_type"": [""ir"", ""ds"", ""conv"", ""conv"", ""conv""], ""bottleneck_ratio"": [2.0, 1.0, 0.5, 0.5, 0.5], ""skip_connections"": [true, false, false, false, false], ""attention"": [""cbam"", ""none"", ""none"", ""none"", ""none""]}, ""quant_spec"": {""weight_bits"": [6, 8, 4, 4, 4], ""act_bits"": [8, 6, 4, 4, 4], ""symmetric"": true, ""per_channel"": true, ""mixed_precision"": true, ""global_weight_bits"": 8, ""global_act_bits"": 6, ""layer_weight_bits"": [6, 8, 4, 4, 4], ""layer_act_bits"": [8, 6, 4, 4, 4]}}",{}
19,4,-0.780952380952381,12.275553035736085,1860.7891,9999.0,True,,"{""arch_spec"": {""family"": ""autoencoder"", ""input_size"": 128, ""depth"": 5, ""channels"": [192, 64, 16, 64, 16], ""kernel_size"": [5, 7, 3, 3, 3], ""block_type"": [""ir"", ""ds"", ""conv"", ""conv"", ""conv""], ""bottleneck_ratio"": [6.0, 1.0, 0.5, 0.5, 0.5], ""skip_connections"": [true, false, false, false, false], ""attention"": [""cbam"", ""none"", ""none"", ""none"", ""none""]}, ""quant_spec"": {""weight_bits"": [6, 8, 4, 4, 8], ""act_bits"": [8, 8, 4, 4, 4], ""symmetric"": true, ""per_channel"": true, ""mixed_precision"": true, ""global_weight_bits"": 6, ""global_act_bits"": 6, ""layer_weight_bits"": [6, 8, 4, 4, 8], ""layer_act_bits"": [8, 8, 4, 4, 4]}}",{}
19,5,-0.7809523809523811,12.043594614664714,1872.9297,9999.0,True,,"{""arch_spec"": {""family"": ""autoencoder"", ""input_size"": 128, ""depth"": 5, ""channels"": [192, 64, 16, 64, 24], ""kernel_size"": [3, 3, 7, 5, 7], ""block_type"": [""ir"", ""ir"", ""ir"", ""conv"", ""ir""], ""bottleneck_ratio"": [1.0, 6.0, 2.0, 4.0, 4.0], ""skip_connections"": [true, false, false, false, true], ""attention"": [""spatial"", ""spatial"", ""cbam"", ""spatial"", ""none""]}, ""quant_spec"": {""weight_bits"": [8, 4, 6, 4, 4], ""act_bits"": [6, 8, 4, 4, 4], ""symmetric"": true, ""per_channel"": false, ""mixed_precision"": true, ""global_weight_bits"": 6, ""global_act_bits"": 6, ""layer_weight_bits"": [8, 4, 6, 4, 4], ""layer_act_bits"": [6, 8, 4, 4, 4]}}",{}
19,6,-0.8761904761904762,13.876373322804769,1877.2305,9999.0,True,,"{""arch_spec"": {""family"": ""unet"", ""input_size"": 224, ""depth"": 5, ""channels"": [16, 48, 24, 48, 256], ""kernel_size"": [5, 7, 5, 7, 5], ""block_type"": [""conv"", ""ir"", ""ir"", ""conv"", ""conv""], ""bottleneck_ratio"": [6.0, 1.0, 0.5, 0.5, 0.5], ""skip_connections"": [true, false, false, false, false], ""attention"": [""cbam"", ""none"", ""none"", ""none"", ""none""]}, ""quant_spec"": {""weight_bits"": [6, 8, 4, 4, 4], ""act_bits"": [6, 6, 4, 4, 4], ""symmetric"": true, ""per_channel"": false, ""mixed_precision"": true, ""global_weight_bits"": 6, ""global_act_bits"": 6, ""layer_weight_bits"": [6, 8, 4, 4, 4], ""layer_act_bits"": [6, 6, 4, 4, 4]}}",{}
19,7,-0.8285714285714285,12.206383959452312,1871.2773,9999.0,True,,"{""arch_spec"": {""family"": ""student_teacher"", ""input_size"": 192, ""depth"": 2, ""channels"": [32, 96], ""kernel_size"": [5, 7], ""block_type"": [""ir"", ""ds""], ""bottleneck_ratio"": [6.0, 1.0], ""skip_connections"": [true, false], ""attention"": [""cbam"", ""none""]}, ""quant_spec"": {""weight_bits"": [6, 8], ""act_bits"": [6, 6], ""symmetric"": true, ""per_channel"": false, ""mixed_precision"": true, ""global_weight_bits"": 6, ""global_act_bits"": 6, ""layer_weight_bits"": [6, 8], ""layer_act_bits"": [6, 6]}}",{}
19,8,-0.8746031746031746,13.53900375366211,1828.4883,9999.0,True,,"{""arch_spec"": {""family"": ""patch_cnn"", ""input_size"": 224, ""depth"": 5, ""channels"": [192, 64, 16, 64, 24], ""kernel_size"": [3, 3, 7, 5, 3], ""block_type"": [""conv"", ""conv"", ""conv"", ""conv"", ""conv""], ""bottleneck_ratio"": [1.0, 6.0, 0.5, 0.5, 0.5], ""skip_connections"": [false, true, false, false, false], ""attention"": [""se"", ""none"", ""none"", ""none"", ""none""]}, ""quant_spec"": {""weight_bits"": [4, 6, 4, 8, 8], ""act_bits"": [6, 4, 8, 6, 6], ""symmetric"": false, ""per_channel"": true, ""mixed_precision"": true, ""global_weight_bits"": 6, ""global_act_bits"": 8, ""layer_weight_bits"": [4, 6, 4, 8, 8], ""layer_act_bits"": [6, 4, 8, 6, 6]}}",{}
19,9,-0.8706349206349207,13.643813355763752,1815.0312,9999.0,True,,"{""arch_spec"": {""family"": ""unet"", ""input_size"": 224, ""depth"": 5, ""channels"": [16, 48, 24, 48, 256], ""kernel_size"": [5, 7, 5, 7, 5], ""block_type"": [""conv"", ""ir"", ""ir"", ""conv"", ""ir""], ""bottleneck_ratio"": [1.0, 4.0, 4.0, 2.0, 4.0], ""skip_connections"": [false, false, false, false, true], ""attention"": [""none"", ""eca"", ""spatial"", ""se"", ""spatial""]}, ""quant_spec"": {""weight_bits"": 4, ""act_bits"": 8, ""symmetric"": true, ""per_channel"": true, ""mixed_precision"": false, ""global_weight_bits"": 4, ""global_act_bits"": 8, ""layer_weight_bits"": [6, 8, 4, 8, 6], ""layer_act_bits"": [8, 6, 6, 4, 6]}}",{}
19,10,-0.8396825396825397,14.304748757680256,1778.8945,9999.0,True,,"{""arch_spec"": {""family"": ""unet"", ""input_size"": 224, ""depth"": 2, ""channels"": [96, 96], ""kernel_size"": [5, 7], ""block_type"": [""ir"", ""ds""], ""bottleneck_ratio"": [6.0, 1.0], ""skip_connections"": [true, false], ""attention"": [""cbam"", ""none""]}, ""quant_spec"": {""weight_bits"": [6, 8], ""act_bits"": [6, 6], ""symmetric"": true, ""per_channel"": false, ""mixed_precision"": true, ""global_weight_bits"": 6, ""global_act_bits"": 6, ""layer_weight_bits"": [6, 8], ""layer_act_bits"": [6, 6]}}",{}
19,11,-0.8436507936507937,13.47184960047404,1851.7266,9999.0,True,,"{""arch_spec"": {""family"": ""patch_cnn"", ""input_size"": 192, ""depth"": 4, ""channels"": [24, 192, 24, 192], ""kernel_size"": [7, 5, 7, 5], ""block_type"": [""ir"", ""conv"", ""ir"", ""ds""], ""bottleneck_ratio"": [2.0, 2.0, 0.5, 0.5], ""skip_connections"": [true, true, true, false], ""attention"": [""eca"", ""eca"", ""eca"", ""se""]}, ""quant_spec"": {""weight_bits"": [4, 6, 4, 8], ""act_bits"": [6, 4, 8, 6], ""symmetric"": false, ""per_channel"": true, ""mixed_precision"": true, ""global_weight_bits"": 6, ""global_act_bits"": 8, ""layer_weight_bits"": [4, 6, 4, 8], ""layer_act_bits"": [6, 4, 8, 6]}}",{}
19,12,-0.884920634920635,14.093373934427897,1884.3867,9999.0,True,,"{""arch_spec"": {""family"": ""unet"", ""input_size"": 224, ""depth"": 2, ""channels"": [32, 96], ""kernel_size"": [5, 7], ""block_type"": [""ir"", ""ds""], ""bottleneck_ratio"": [6.0, 1.0], ""skip_connections"": [true, false], ""attention"": [""cbam"", ""none""]}, ""quant_spec"": {""weight_bits"": [6, 8], ""act_bits"": [8, 6], ""symmetric"": true, ""per_channel"": true, ""mixed_precision"": true, ""global_weight_bits"": 6, ""global_act_bits"": 6, ""layer_weight_bits"": [6, 8], ""layer_act_bits"": [8, 6]}}",{}
19,13,-0.8761904761904762,12.867824077606201,1879.9844,9999.0,True,,"{""arch_spec"": {""family"": ""autoencoder"", ""input_size"": 224, ""depth"": 2, ""channels"": [96, 96], ""kernel_size"": [5, 7], ""block_type"": [""ir"", ""ds""], ""bottleneck_ratio"": [6.0, 1.0], ""skip_connections"": [true, false], ""attention"": [""cbam"", ""none""]}, ""quant_spec"": {""weight_bits"": [6, 8], ""act_bits"": [8, 6], ""symmetric"": true, ""per_channel"": true, ""mixed_precision"": true, ""global_weight_bits"": 6, ""global_act_bits"": 6, ""layer_weight_bits"": [6, 8], ""layer_act_bits"": [8, 6]}}",{}
19,14,-0.8706349206349207,13.683765316009522,1791.1172,9999.0,True,,"{""arch_spec"": {""family"": ""unet"", ""input_size"": 224, ""depth"": 2, ""channels"": [32, 96], ""kernel_size"": [5, 7], ""block_type"": [""ir"", ""ds""], ""bottleneck_ratio"": [6.0, 1.0], ""skip_connections"": [true, false], ""attention"": [""cbam"", ""none""]}, ""quant_spec"": {""weight_bits"": [4, 6], ""act_bits"": [6, 4], ""symmetric"": false, ""per_channel"": true, ""mixed_precision"": true, ""global_weight_bits"": 6, ""global_act_bits"": 8, ""layer_weight_bits"": [4, 6], ""layer_act_bits"": [6, 4]}}",{}
19,15,-0.8436507936507937,12.542728519439697,1871.2812,9999.0,True,,"{""arch_spec"": {""family"": ""student_teacher"", ""input_size"": 192, ""depth"": 2, ""channels"": [32, 96], ""kernel_size"": [5, 7], ""block_type"": [""ir"", ""ds""], ""bottleneck_ratio"": [6.0, 1.0], ""skip_connections"": [true, false], ""attention"": [""cbam"", ""none""]}, ""quant_spec"": {""weight_bits"": [6, 4], ""act_bits"": [6, 6], ""symmetric"": false, ""per_channel"": false, ""mixed_precision"": true, ""global_weight_bits"": 6, ""global_act_bits"": 6, ""layer_weight_bits"": [6, 4], ""layer_act_bits"": [6, 6]}}",{}
19,16,-0.8333333333333333,12.773049640655518,1778.5781,9999.0,True,,"{""arch_spec"": {""family"": ""autoencoder"", ""input_size"": 224, ""depth"": 5, ""channels"": [16, 16, 192, 16, 16], ""kernel_size"": [5, 7, 7, 3, 3], ""block_type"": [""ir"", ""ds"", ""conv"", ""conv"", ""conv""], ""bottleneck_ratio"": [2.0, 1.0, 0.5, 0.5, 0.5], ""skip_connections"": [true, false, false, false, false], ""attention"": [""cbam"", ""none"", ""none"", ""none"", ""none""]}, ""quant_spec"": {""weight_bits"": [6, 8, 4, 4, 4], ""act_bits"": [8, 6, 4, 4, 8], ""symmetric"": true, ""per_channel"": true, ""mixed_precision"": true, ""global_weight_bits"": 8, ""global_act_bits"": 6, ""layer_weight_bits"": [6, 8, 4, 4, 4], ""layer_act_bits"": [8, 6, 4, 4, 8]}}",{}
19,17,-0.8507936507936508,13.809577624003092,1790.3594,9999.0,True,,"{""arch_spec"": {""family"": ""patch_cnn"", ""input_size"": 224, ""depth"": 5, ""channels"": [192, 64, 16, 64, 24], ""kernel_size"": [3, 3, 7, 5, 3], ""block_type"": [""conv"", ""conv"", ""conv"", ""conv"", ""conv""], ""bottleneck_ratio"": [1.0, 6.0, 0.5, 0.5, 0.5], ""skip_connections"": [false, true, false, false, false], ""attention"": [""se"", ""none"", ""none"", ""none"", ""none""]}, ""quant_spec"": {""weight_bits"": [6, 8, 4, 4, 4], ""act_bits"": [8, 8, 4, 4, 4], ""symmetric"": true, ""per_channel"": true, ""mixed_precision"": true, ""global_weight_bits"": 6, ""global_act_bits"": 6, ""layer_weight_bits"": [6, 8, 4, 4, 4], ""layer_act_bits"": [8, 8, 4, 4, 4]}}",{}
19,18,-0.8658730158730158,13.04326941172282,1879.543,9999.0,True,,"{""arch_spec"": {""family"": ""unet"", ""input_size"": 224, ""depth"": 2, ""channels"": [96, 96], ""kernel_size"": [5, 7], ""block_type"": [""ir"", ""ds""], ""bottleneck_ratio"": [6.0, 1.0], ""skip_connections"": [true, false], ""attention"": [""cbam"", ""none""]}, ""quant_spec"": {""weight_bits"": [6, 8], ""act_bits"": [8, 6], ""symmetric"": true, ""per_channel"": true, ""mixed_precision"": true, ""global_weight_bits"": 6, ""global_act_bits"": 6, ""layer_weight_bits"": [6, 8], ""layer_act_bits"": [8, 6]}}",{}
19,19,-0.8698412698412699,13.39179417292277,1866.3633,9999.0,True,,"{""arch_spec"": {""family"": ""unet"", ""input_size"": 224, ""depth"": 5, ""channels"": [16, 16, 192, 16, 16], ""kernel_size"": [5, 7, 7, 3, 3], ""block_type"": [""ir"", ""ds"", ""conv"", ""conv"", ""conv""], ""bottleneck_ratio"": [2.0, 1.0, 0.5, 0.5, 0.5], ""skip_connections"": [true, false, false, false, false], ""attention"": [""cbam"", ""spatial"", ""none"", ""none"", ""none""]}, ""quant_spec"": {""weight_bits"": [6, 8, 4, 4, 4], ""act_bits"": [8, 8, 4, 4, 4], ""symmetric"": true, ""per_channel"": true, ""mixed_precision"": true, ""global_weight_bits"": 8, ""global_act_bits"": 6, ""layer_weight_bits"": [6, 8, 4, 4, 4], ""layer_act_bits"": [8, 8, 4, 4, 4]}}",{}
19,20,-0.8587301587301588,14.04456958770752,1788.7109,9999.0,True,,"{""arch_spec"": {""family"": ""autoencoder"", ""input_size"": 224, ""depth"": 4, ""channels"": [24, 192, 24, 192], ""kernel_size"": [7, 7, 7, 5], ""block_type"": [""ir"", ""conv"", ""ir"", ""ds""], ""bottleneck_ratio"": [2.0, 2.0, 0.5, 0.5], ""skip_connections"": [false, false, true, true], ""attention"": [""cbam"", ""eca"", ""none"", ""spatial""]}, ""quant_spec"": {""weight_bits"": [8, 4, 6, 4], ""act_bits"": [6, 8, 4, 4], ""symmetric"": true, ""per_channel"": false, ""mixed_precision"": true, ""global_weight_bits"": 6, ""global_act_bits"": 6, ""layer_weight_bits"": [8, 4, 6, 4], ""layer_act_bits"": [6, 8, 4, 4]}}",{}
19,21,-0.8761904761904762,14.509192498524984,1876.2734,9999.0,True,,"{""arch_spec"": {""family"": ""unet"", ""input_size"": 224, ""depth"": 5, ""channels"": [16, 16, 192, 16, 16], ""kernel_size"": [5, 7, 7, 3, 5], ""block_type"": [""conv"", ""ir"", ""ir"", ""conv"", ""ir""], ""bottleneck_ratio"": [1.0, 4.0, 4.0, 2.0, 4.0], ""skip_connections"": [false, false, false, false, true], ""attention"": [""none"", ""eca"", ""spatial"", ""se"", ""spatial""]}, ""quant_spec"": {""weight_bits"": 4, ""act_bits"": 8, ""symmetric"": true, ""per_channel"": true, ""mixed_precision"": false, ""global_weight_bits"": 4, ""global_act_bits"": 8, ""layer_weight_bits"": [6, 8, 4, 8, 6], ""layer_act_bits"": [8, 6, 6, 4, 6]}}",{}
19,22,-0.8642857142857143,13.178699684143066,1877.2266,9999.0,True,,"{""arch_spec"": {""family"": ""unet"", ""input_size"": 224, ""depth"": 5, ""channels"": [16, 48, 24, 48, 256], ""kernel_size"": [5, 7, 5, 7, 3], ""block_type"": [""ir"", ""ds"", ""conv"", ""conv"", ""conv""], ""bottleneck_ratio"": [6.0, 1.0, 0.5, 0.5, 0.5], ""skip_connections"": [true, false, false, false, false], ""attention"": [""cbam"", ""none"", ""none"", ""none"", ""none""]}, ""quant_spec"": {""weight_bits"": [6, 8, 4, 4, 8], ""act_bits"": [8, 8, 4, 4, 4], ""symmetric"": true, ""per_channel"": true, ""mixed_precision"": true, ""global_weight_bits"": 6, ""global_act_bits"": 6, ""layer_weight_bits"": [6, 8, 4, 4, 8], ""layer_act_bits"": [8, 8, 4, 4, 4]}}",{}
19,23,-0.8761904761904762,14.588816070556641,1854.3203,9999.0,True,,"{""arch_spec"": {""family"": ""unet"", ""input_size"": 224, ""depth"": 2, ""channels"": [32, 96], ""kernel_size"": [5, 7], ""block_type"": [""ir"", ""ds""], ""bottleneck_ratio"": [6.0, 1.0], ""skip_connections"": [true, false], ""attention"": [""cbam"", ""none""]}, ""quant_spec"": {""weight_bits"": [6, 8], ""act_bits"": [8, 8], ""symmetric"": true, ""per_channel"": true, ""mixed_precision"": true, ""global_weight_bits"": 6, ""global_act_bits"": 6, ""layer_weight_bits"": [6, 8], ""layer_act_bits"": [8, 8]}}",{}
19,24,-0.8460317460317459,12.363125356038411,1873.6016,9999.0,True,,"{""arch_spec"": {""family"": ""student_teacher"", ""input_size"": 192, ""depth"": 2, ""channels"": [32, 96], ""kernel_size"": [5, 7], ""block_type"": [""ir"", ""ds""], ""bottleneck_ratio"": [6.0, 1.0], ""skip_connections"": [true, false], ""attention"": [""cbam"", ""none""]}, ""quant_spec"": {""weight_bits"": [6, 8], ""act_bits"": [6, 6], ""symmetric"": true, ""per_channel"": false, ""mixed_precision"": true, ""global_weight_bits"": 6, ""global_act_bits"": 6, ""layer_weight_bits"": [6, 8], ""layer_act_bits"": [6, 6]}}",{}
19,25,-0.8333333333333333,12.382185618082682,1873.5859,9999.0,True,,"{""arch_spec"": {""family"": ""student_teacher"", ""input_size"": 192, ""depth"": 2, ""channels"": [32, 96], ""kernel_size"": [5, 7], ""block_type"": [""ir"", ""ds""], ""bottleneck_ratio"": [6.0, 2.0], ""skip_connections"": [true, false], ""attention"": [""cbam"", ""none""]}, ""quant_spec"": {""weight_bits"": 6, ""act_bits"": 6, ""symmetric"": true, ""per_channel"": true, ""mixed_precision"": false, ""global_weight_bits"": 6, ""global_act_bits"": 6, ""layer_weight_bits"": [6, 8], ""layer_act_bits"": [8, 6]}}",{}
19,26,-0.8587301587301587,13.87908805211385,1790.1094,9999.0,True,,"{""arch_spec"": {""family"": ""patch_cnn"", ""input_size"": 224, ""depth"": 2, ""channels"": [96, 96], ""kernel_size"": [5, 7], ""block_type"": [""ir"", ""ds""], ""bottleneck_ratio"": [6.0, 1.0], ""skip_connections"": [true, false], ""attention"": [""cbam"", ""none""]}, ""quant_spec"": {""weight_bits"": [6, 8], ""act_bits"": [6, 6], ""symmetric"": true, ""per_channel"": false, ""mixed_precision"": true, ""global_weight_bits"": 6, ""global_act_bits"": 6, ""layer_weight_bits"": [6, 8], ""layer_act_bits"": [6, 6]}}",{}
19,27,-0.8365079365079364,13.334169642130535,1852.8516,9999.0,True,,"{""arch_spec"": {""family"": ""autoencoder"", ""input_size"": 256, ""depth"": 4, ""channels"": [48, 48, 192, 16], ""kernel_size"": [3, 3, 5, 7], ""block_type"": [""ir"", ""ir"", ""ir"", ""ds""], ""bottleneck_ratio"": [0.5, 2.0, 2.0, 1.0], ""skip_connections"": [false, false, true, true], ""attention"": [""cbam"", ""eca"", ""none"", ""spatial""]}, ""quant_spec"": {""weight_bits"": [8, 4, 6, 4], ""act_bits"": [6, 8, 8, 4], ""symmetric"": true, ""per_channel"": false, ""mixed_precision"": true, ""global_weight_bits"": 6, ""global_act_bits"": 6, ""layer_weight_bits"": [8, 4, 6, 4], ""layer_act_bits"": [6, 8, 8, 4]}}",{}
19,28,-0.8587301587301588,13.334908866882325,1862.7734,9999.0,True,,"{""arch_spec"": {""family"": ""patch_cnn"", ""input_size"": 224, ""depth"": 5, ""channels"": [192, 64, 16, 64, 24], ""kernel_size"": [3, 3, 7, 5, 3], ""block_type"": [""conv"", ""conv"", ""conv"", ""conv"", ""conv""], ""bottleneck_ratio"": [1.0, 6.0, 0.5, 0.5, 0.5], ""skip_connections"": [false, true, false, false, false], ""attention"": [""se"", ""none"", ""none"", ""none"", ""none""]}, ""quant_spec"": {""weight_bits"": [6, 4, 4, 4, 8], ""act_bits"": [8, 8, 4, 4, 4], ""symmetric"": true, ""per_channel"": true, ""mixed_precision"": true, ""global_weight_bits"": 4, ""global_act_bits"": 6, ""layer_weight_bits"": [6, 4, 4, 4, 8], ""layer_act_bits"": [8, 8, 4, 4, 4]}}",{}
19,29,-0.8761904761904762,14.043202114105224,1876.3477,9999.0,True,,"{""arch_spec"": {""family"": ""unet"", ""input_size"": 224, ""depth"": 2, ""channels"": [128, 48], ""kernel_size"": [5, 7], ""block_type"": [""ir"", ""ds""], ""bottleneck_ratio"": [2.0, 1.0], ""skip_connections"": [true, false], ""attention"": [""cbam"", ""none""]}, ""quant_spec"": {""weight_bits"": [6, 8], ""act_bits"": [8, 6], ""symmetric"": true, ""per_channel"": true, ""mixed_precision"": true, ""global_weight_bits"": 8, ""global_act_bits"": 6, ""layer_weight_bits"": [6, 8], ""layer_act_bits"": [8, 6]}}",{}
19,30,-0.8587301587301588,13.264766883850097,1877.207,9999.0,True,,"{""arch_spec"": {""family"": ""unet"", ""input_size"": 224, ""depth"": 2, ""channels"": [32, 96], ""kernel_size"": [5, 7], ""block_type"": [""ir"", ""ds""], ""bottleneck_ratio"": [6.0, 1.0], ""skip_connections"": [false, false], ""attention"": [""cbam"", ""eca""]}, ""quant_spec"": {""weight_bits"": 6, ""act_bits"": 6, ""symmetric"": true, ""per_channel"": false, ""mixed_precision"": false, ""global_weight_bits"": 6, ""global_act_bits"": 6, ""layer_weight_bits"": [8, 4], ""layer_act_bits"": [6, 8]}}",{}
19,31,-0.8761904761904762,13.230854447682699,1877.4688,9999.0,True,,"{""arch_spec"": {""family"": ""unet"", ""input_size"": 224, ""depth"": 2, ""channels"": [96, 96], ""kernel_size"": [5, 7], ""block_type"": [""ir"", ""ds""], ""bottleneck_ratio"": [6.0, 1.0], ""skip_connections"": [true, false], ""attention"": [""cbam"", ""none""]}, ""quant_spec"": {""weight_bits"": [6, 8], ""act_bits"": [8, 6], ""symmetric"": true, ""per_channel"": true, ""mixed_precision"": true, ""global_weight_bits"": 8, ""global_act_bits"": 6, ""layer_weight_bits"": [6, 8], ""layer_act_bits"": [8, 6]}}",{}
